epoch,step,train_loss_step
0,9,0.8077143430709839
0,19,0.1089407280087471
0,29,0.5974860787391663
0,39,0.14745363593101501
0,49,0.3054385483264923
